备注,%cathode.rout%,%anode.z0offset%,%bunch_channel.dr%,%anode.dz%,%sws1.z0offset%,%sws1.N%,%sws1.p%,%sws1.out.routoffset%,%sws1.out.dzout%,%sws1.out.dzin%,%sws1.in.rinoffset%,%sws2.z0offset%,%sws2.N%,%sws2.p%,%sws2.out.routoffset%,%sws2.out.dzout%,%sws2.out.dzin%,%sws2.in.rinoffset%,%sws3.z0%,%sws3.N%,%sws3.p%,%sws3.out.routoffset%,%sws3.out.dzout%,%sws3.out.dzin%,%sws3.in.rinoffset%,%outwaveguide.oblique.z0offset%,%outwaveguide.oblique.dz%,%outwaveguide.oblique.dr%,%outwaveguide.straight.rinoffset%,%outwaveguide.straight.dz%,%absorber.dz%,%Vinput%,%B_ref%,%coil.z0offset%,%coil.zendoffset%
初始值,0.046204093,0.0269,0.006052204,0.006,0.009633043,3.179152032,0.008366742,0.004714967,0.004405476,0.006774582,0.004642503,0.014341182,2.6,0.014772752,0.002823826,0.003917417,0.002291941,0.005716018,0.018161847,4.053186386,0.013096905,0.0028,0.0049,0.004191905,0.005128788,0.0004,0.032235987,0.011044662,0,0.052834221,0.004106953,-560774.1066,0.451094722,0.086,0.009812208
下界,3.00E-02,1.80E-02,4.00E-03,0,0,0,8.00E-03,5.00E-04,1.00E-03,1.00E-03,1.00E-03,0,0,8.00E-03,5.00E-04,1.00E-03,1.00E-03,1.00E-03,0,0,7.00E-03,5.00E-04,1.00E-03,1.00E-03,1.00E-03,0.00E+00,1.00E-02,5.00E-03,-3.00E-03,1.00E-02,0.00E+00,-8.00E+05,3.00E-01,1.00E-02,-1.00E-02
上界,6.00E-02,4.00E-02,8.00E-03,1.00E-02,2.00E-02,6.00E+00,1.50E-02,6.00E-03,8.00E-03,8.00E-03,8.00E-03,2.00E-02,6.00E+00,1.50E-02,6.00E-03,8.00E-03,8.00E-03,8.00E-03,2.00E-02,6.00E+00,1.50E-02,6.00E-03,8.00E-03,8.00E-03,8.00E-03,1.00E-03,6.00E-02,1.50E-02,3.00E-03,1.10E-01,1.00E-02,-4.80E+05,7.00E-01,1.00E-01,3.00E-02
精度,1.00E-03,1.00E-04,2.00E-04,1.00E-03,5.00E-04,1.00E+00,1.00E-04,1.00E-04,1.00E-04,1.00E-04,1.00E-04,5.00E-04,1.00E+00,1.00E-04,1.00E-04,1.00E-04,1.00E-04,1.00E-04,5.00E-04,1.00E+00,1.00E-04,1.00E-04,1.00E-04,1.00E-04,1.00E-04,1.00E-04,2.00E-03,5.00E-04,2.00E-04,2.00E-03,2.00E-04,2.00E+04,2.00E-01,5.00E-03,5.00E-03
计算偏微分的步长,,,,,,,,,,,,,,,,,,,,,,,,,,,,,,,,,,,
单位步长,,,,,,,,,,,,,,,,,,,,,,,,,,,,,,,,,,,
