备注,%B_z0%,%refcav.rout%,%refcav.dz%,%refcav.z0_offset%,%refcav.rin_right_offset%,%sws1.N%,%sws1.z0_offset%,%sws1.dz_in%,%sws1.dz_out%,%sws1.p%,%sws1.a%,%sws2.N%,%sws2.z0_offset%,%sws2.dz_in%,%sws2.dz_out%,%sws2.p%,%sws2.a%,%sws3.N%,%sws3.z0_offset%,%sws3.dz_in%,%sws3.dz_out%,%sws3.p%,%sws3.a%,%extractor.z0_offset%,%extractor.dz%,%extractor.rout%,%extractor.rin_right_offset%,%out_waveguide.dz%
初始值,0.5,0.026378949,0.030630708,2.17E-05,0.000281682,3,0.009277017,0.003,0.003,0.01,0.022,2,0.00079633,0.003,0.003,0.0098,0.022,2,0.001356453,0.003,0.003,0.009564079,0.022,0.009637223,0.022182697,0.029125221,-0.000113592,0.032246666
下界,0.4,1.80E-02,0,0,0.00E+00,0,0,1.00E-03,1.00E-03,7.00E-03,1.80E-02,0,0,1.00E-03,1.00E-03,7.00E-03,1.80E-02,0,0,1.00E-03,1.00E-03,7.00E-03,1.80E-02,0,1.80E-02,1.80E-02,-5.00E-03,1.00E-02
上界,0.8,3.00E-02,5.00E-02,3.00E-02,5.00E-03,5.00E+00,1.00E-02,1.00E-02,1.00E-02,1.20E-02,2.40E-02,5.00E+00,1.00E-02,1.00E-02,1.00E-02,1.20E-02,2.40E-02,5.00E+00,1.00E-02,1.00E-02,1.00E-02,1.20E-02,2.40E-02,3.00E-02,3.00E-02,3.00E-02,5.00E-03,5.00E-02
计算偏微分的步长,0.02,1.00E-03,1.00E-03,1.00E-03,1.00E-03,1.00E+00,1.00E-03,1.00E-03,1.00E-03,1.00E-03,1.00E-03,1.00E+00,1.00E-03,1.00E-03,1.00E-03,1.00E-03,1.00E-03,1.00E+00,1.00E-03,1.00E-03,1.00E-03,1.00E-03,1.00E-03,1.00E-03,1.00E-03,1.00E-03,1.00E-03,1.00E-03
单位步长,0.02,1.00E-04,1.00E-04,1.00E-04,1.00E-04,1.00E+00,1.00E-04,1.00E-04,1.00E-04,1.00E-04,1.00E-04,1.00E+00,1.00E-04,1.00E-04,1.00E-04,1.00E-04,1.00E-04,1.00E+00,1.00E-04,1.00E-04,1.00E-04,1.00E-04,1.00E-04,1.00E-04,1.00E-04,1.00E-04,1.00E-04,1.00E-04
