备注,%B_z0%,%refcav.rout%,%refcav.dz%,%refcav.z0_offset%,%refcav.rin_right_offset%,%sws1.N%,%sws1.z0_offset%,%sws1.dz_in%,%sws1.dz_out%,%sws1.p%,%sws1.a%,%sws2.N%,%sws2.z0_offset%,%sws2.dz_in%,%sws2.dz_out%,%sws2.p%,%sws2.a%,%sws3.N%,%sws3.z0_offset%,%sws3.dz_in%,%sws3.dz_out%,%sws3.p%,%sws3.a%,%extractor.z0_offset%,%extractor.dz%,%extractor.rout%,%extractor.rin_right_offset%,%out_waveguide.dz%
初始值,0.534904695,0.026100489,0.030781906,0.003092213,7.54E-05,3,0.009899137,0.004335476,0.003610255,0.009042323,0.021788762,1,0,0.00295776,0.002488182,0.008744829,1.80E-02,2,3.35E-05,0.005072192,0.004761631,0.010828884,0.021672886,0.009029481,0.018460487,0.029026638,-0.000595087,0.015644363
下界,0.4,1.80E-02,0,0,0.00E+00,0,0,1.00E-03,1.00E-03,7.00E-03,1.80E-02,0,0,1.00E-03,1.00E-03,7.00E-03,1.80E-02,0,0,1.00E-03,1.00E-03,7.00E-03,1.80E-02,0,1.80E-02,1.80E-02,-5.00E-03,1.00E-02
上界,0.8,3.00E-02,5.00E-02,3.00E-02,5.00E-03,5.00E+00,1.00E-02,1.00E-02,1.00E-02,1.20E-02,2.40E-02,5.00E+00,1.00E-02,1.00E-02,1.00E-02,1.20E-02,2.40E-02,5.00E+00,1.00E-02,1.00E-02,1.00E-02,1.20E-02,2.40E-02,3.00E-02,3.00E-02,3.00E-02,5.00E-03,5.00E-02
计算偏微分的步长,0.02,1.00E-03,1.00E-03,1.00E-03,1.00E-03,1.00E+00,1.00E-03,1.00E-03,1.00E-03,1.00E-03,1.00E-03,1.00E+00,1.00E-03,1.00E-03,1.00E-03,1.00E-03,1.00E-03,1.00E+00,1.00E-03,1.00E-03,1.00E-03,1.00E-03,1.00E-03,1.00E-03,1.00E-03,1.00E-03,1.00E-03,1.00E-03
单位步长,0.02,1.00E-04,1.00E-04,1.00E-04,1.00E-04,1.00E+00,1.00E-04,1.00E-04,1.00E-04,1.00E-04,1.00E-04,1.00E+00,1.00E-04,1.00E-04,1.00E-04,1.00E-04,1.00E-04,1.00E+00,1.00E-04,1.00E-04,1.00E-04,1.00E-04,1.00E-04,1.00E-04,1.00E-04,1.00E-04,1.00E-04,1.00E-04
